{
    "maturity\u2192growth": {
        "entropy_norm_mean": 0.5143026253363999,
        "entropy_norm_std": 0.1891110233233504,
        "sei_norm_mean": 0.652581494545266,
        "sei_norm_std": 0.27914408445242844,
        "impulse_mean": 0.2434387279699647,
        "impulse_std": 0.1534254592101615,
        "ohlcv.open_mean": 189.978,
        "ohlcv.open_std": 42.47326611332514,
        "ohlcv.high_mean": 193.07200000000003,
        "ohlcv.high_std": 42.7624795741937,
        "ohlcv.low_mean": 186.79466666666667,
        "ohlcv.low_std": 42.62923828261016,
        "ohlcv.close_mean": 189.87858333333332,
        "ohlcv.close_std": 42.77069540576884,
        "ohlcv.volume_mean": 101125896.94166666,
        "ohlcv.volume_std": 64705332.06164278
    },
    "growth\u2192maturity": {
        "entropy_norm_mean": 0.5302648919750322,
        "entropy_norm_std": 0.18921149178653296,
        "sei_norm_mean": 0.6502653123049417,
        "sei_norm_std": 0.27603276590532905,
        "impulse_mean": 0.24949552009279197,
        "impulse_std": 0.14987106094067235,
        "ohlcv.open_mean": 189.53141666666667,
        "ohlcv.open_std": 42.42358800038475,
        "ohlcv.high_mean": 192.6519166666667,
        "ohlcv.high_std": 42.7605686603876,
        "ohlcv.low_mean": 186.35983333333334,
        "ohlcv.low_std": 42.55258950176306,
        "ohlcv.close_mean": 189.56975000000003,
        "ohlcv.close_std": 42.73420124175522,
        "ohlcv.volume_mean": 99200342.53333333,
        "ohlcv.volume_std": 61210583.038543426
    },
    "maturity\u2192decay": {
        "entropy_norm_mean": 0.6038693918544256,
        "entropy_norm_std": 0.16779874459866903,
        "sei_norm_mean": 0.8888210435048343,
        "sei_norm_std": 0.03957896070779654,
        "impulse_mean": 0.21886413560089454,
        "impulse_std": 0.08886394731438528,
        "ohlcv.open_mean": 222.098,
        "ohlcv.open_std": 8.649867975871077,
        "ohlcv.high_mean": 225.0435,
        "ohlcv.high_std": 8.541906856785552,
        "ohlcv.low_mean": 218.93599999999998,
        "ohlcv.low_std": 8.163305947960053,
        "ohlcv.close_mean": 221.93649999999997,
        "ohlcv.close_std": 8.457088313952974,
        "ohlcv.volume_mean": 53406114.75,
        "ohlcv.volume_std": 14885661.683899855
    },
    "decay\u2192maturity": {
        "entropy_norm_mean": 0.6909688110535391,
        "entropy_norm_std": 0.19391127705054545,
        "sei_norm_mean": 0.7838521174932478,
        "sei_norm_std": 0.0867770707467386,
        "impulse_mean": 0.25667310379650815,
        "impulse_std": 0.1343264513176812,
        "ohlcv.open_mean": 210.167,
        "ohlcv.open_std": 9.714626652630555,
        "ohlcv.high_mean": 212.85325000000003,
        "ohlcv.high_std": 9.863343598268287,
        "ohlcv.low_mean": 207.04700000000003,
        "ohlcv.low_std": 9.70972558829548,
        "ohlcv.close_mean": 209.88375000000002,
        "ohlcv.close_std": 10.084740375314578,
        "ohlcv.volume_mean": 57646764.4,
        "ohlcv.volume_std": 21343709.459157925
    },
    "maturity\u2192death": {
        "entropy_norm_mean": 0.7747125526129708,
        "entropy_norm_std": 0.20801963730494555,
        "sei_norm_mean": 0.7771455493944,
        "sei_norm_std": 0.0448910128319587,
        "impulse_mean": 0.4285640252620828,
        "impulse_std": 0.2545705896203545,
        "ohlcv.open_mean": 202.709,
        "ohlcv.open_std": 15.764231950843655,
        "ohlcv.high_mean": 208.52849999999998,
        "ohlcv.high_std": 12.706806552001963,
        "ohlcv.low_mean": 199.09199999999998,
        "ohlcv.low_std": 17.090663416029237,
        "ohlcv.close_mean": 203.89600000000002,
        "ohlcv.close_std": 15.259998492791537,
        "ohlcv.volume_mean": 77611900.9,
        "ohlcv.volume_std": 44354847.24548724
    },
    "death\u2192decay": {
        "entropy_norm_mean": 0.8464307760926395,
        "entropy_norm_std": 0.16060822145578482,
        "sei_norm_mean": 0.7199142225957004,
        "sei_norm_std": 0.03096526941085111,
        "impulse_mean": 0.39726038094479627,
        "impulse_std": 0.2613195618896223,
        "ohlcv.open_mean": 199.23250000000002,
        "ohlcv.open_std": 10.357413468139624,
        "ohlcv.high_mean": 204.31400000000002,
        "ohlcv.high_std": 6.777718200102451,
        "ohlcv.low_mean": 195.96750000000003,
        "ohlcv.low_std": 10.889400982147734,
        "ohlcv.close_mean": 200.89375,
        "ohlcv.close_std": 8.853350689851839,
        "ohlcv.volume_mean": 74098461.775,
        "ohlcv.volume_std": 39283364.98188532
    },
    "decay\u2192death": {
        "entropy_norm_mean": 0.8633095161291566,
        "entropy_norm_std": 0.13460057085356691,
        "sei_norm_mean": 0.7137111210708454,
        "sei_norm_std": 0.025475204558360495,
        "impulse_mean": 0.3851564772406274,
        "impulse_std": 0.26689881110711144,
        "ohlcv.open_mean": 199.69,
        "ohlcv.open_std": 9.936043478165747,
        "ohlcv.high_mean": 204.342,
        "ohlcv.high_std": 6.885785067804542,
        "ohlcv.low_mean": 196.22099999999998,
        "ohlcv.low_std": 11.108105103931994,
        "ohlcv.close_mean": 201.041,
        "ohlcv.close_std": 9.23798349208311,
        "ohlcv.volume_mean": 71190760.75,
        "ohlcv.volume_std": 36679590.99246309
    }
}