{
    "maturity\u2192growth": {
        "entropy_norm_mean": 0.43738988264365614,
        "entropy_norm_std": 0.16821251233757523,
        "sei_norm_mean": 0.7261435286963842,
        "sei_norm_std": 0.22760590040576437,
        "impulse_mean": 0.36312409397695766,
        "impulse_std": 0.15913936116179497,
        "ohlcv.open_mean": 2.07921375,
        "ohlcv.open_std": 0.46231760017972223,
        "ohlcv.high_mean": 2.19402875,
        "ohlcv.high_std": 0.46771556746428433,
        "ohlcv.low_mean": 1.9687275,
        "ohlcv.low_std": 0.43020731397054374,
        "ohlcv.close_mean": 2.09045625,
        "ohlcv.close_std": 0.43881052854385516,
        "ohlcv.volume_mean": 5380705881.0625,
        "ohlcv.volume_std": 2904073631.7931523
    },
    "growth\u2192rebirth": {
        "entropy_norm_mean": 0.5158041457632582,
        "entropy_norm_std": 0.12775926322866935,
        "sei_norm_mean": 0.5554966088217409,
        "sei_norm_std": 0.06284819790960983,
        "impulse_mean": 0.5905390407814302,
        "impulse_std": 0.2288513562799823,
        "ohlcv.open_mean": 1.72685,
        "ohlcv.open_std": 0.27420478843375434,
        "ohlcv.high_mean": 1.8929025000000004,
        "ohlcv.high_std": 0.29890695583032195,
        "ohlcv.low_mean": 1.531985,
        "ohlcv.low_std": 0.27196237933765766,
        "ohlcv.close_mean": 1.7283025000000003,
        "ohlcv.close_std": 0.2708452800839438,
        "ohlcv.volume_mean": 8499409738.225,
        "ohlcv.volume_std": 3871589433.3923526
    },
    "rebirth\u2192growth": {
        "entropy_norm_mean": 0.542362788976552,
        "entropy_norm_std": 0.1067531932329601,
        "sei_norm_mean": 0.5743619439637027,
        "sei_norm_std": 0.057761683540420855,
        "impulse_mean": 0.6140911210645614,
        "impulse_std": 0.21440611468021145,
        "ohlcv.open_mean": 1.7257775,
        "ohlcv.open_std": 0.26884643059514474,
        "ohlcv.high_mean": 1.8895274999999998,
        "ohlcv.high_std": 0.28300815004828045,
        "ohlcv.low_mean": 1.5293875,
        "ohlcv.low_std": 0.27989647120631944,
        "ohlcv.close_mean": 1.7284750000000002,
        "ohlcv.close_std": 0.2573225551229429,
        "ohlcv.volume_mean": 8336931421.325,
        "ohlcv.volume_std": 3763443191.500337
    },
    "growth\u2192maturity": {
        "entropy_norm_mean": 0.48426496738014446,
        "entropy_norm_std": 0.19397396002457457,
        "sei_norm_mean": 0.7550151316712661,
        "sei_norm_std": 0.17090440131142368,
        "impulse_mean": 0.37810578372574755,
        "impulse_std": 0.136284873155709,
        "ohlcv.open_mean": 2.097305,
        "ohlcv.open_std": 0.38009334343684575,
        "ohlcv.high_mean": 2.2029325,
        "ohlcv.high_std": 0.3906819751329078,
        "ohlcv.low_mean": 1.99241375,
        "ohlcv.low_std": 0.3660400072887354,
        "ohlcv.close_mean": 2.10828625,
        "ohlcv.close_std": 0.3808997186740068,
        "ohlcv.volume_mean": 4668958311.6875,
        "ohlcv.volume_std": 2001557679.6685693
    },
    "maturity\u2192death": {
        "entropy_norm_mean": 0.7851242096461886,
        "entropy_norm_std": 0.16964673073654402,
        "sei_norm_mean": 0.6804081575377708,
        "sei_norm_std": 0.12690784495381915,
        "impulse_mean": 0.525740995802922,
        "impulse_std": 0.1087313179114361,
        "ohlcv.open_mean": 2.4285500000000004,
        "ohlcv.open_std": 0.36638844618792227,
        "ohlcv.high_mean": 2.5707600000000004,
        "ohlcv.high_std": 0.34793948812976094,
        "ohlcv.low_mean": 2.3225800000000003,
        "ohlcv.low_std": 0.3436328470911942,
        "ohlcv.close_mean": 2.4772800000000004,
        "ohlcv.close_std": 0.34292445902851554,
        "ohlcv.volume_mean": 6515100446.35,
        "ohlcv.volume_std": 1668703062.0783837
    },
    "death\u2192maturity": {
        "entropy_norm_mean": 0.783786504317366,
        "entropy_norm_std": 0.17026380042619,
        "sei_norm_mean": 0.8259940128163151,
        "sei_norm_std": 0.1238014083991784,
        "impulse_mean": 0.4811673734098282,
        "impulse_std": 0.15765756145598253,
        "ohlcv.open_mean": 2.730035,
        "ohlcv.open_std": 0.2208387381665636,
        "ohlcv.high_mean": 2.8582650000000003,
        "ohlcv.high_std": 0.16453482085868637,
        "ohlcv.low_mean": 2.59553,
        "ohlcv.low_std": 0.24433916407322018,
        "ohlcv.close_mean": 2.7509699999999997,
        "ohlcv.close_std": 0.17573381888526748,
        "ohlcv.volume_mean": 6619696931.75,
        "ohlcv.volume_std": 2023850629.4925492
    },
    "maturity\u2192rebirth": {
        "entropy_norm_mean": 0.47784474607785815,
        "entropy_norm_std": 0.3213732690248512,
        "sei_norm_mean": 0.5510038823144207,
        "sei_norm_std": 0.3062417403105687,
        "impulse_mean": 0.369106105465601,
        "impulse_std": 0.2123713605729103,
        "ohlcv.open_mean": 1.7639775,
        "ohlcv.open_std": 0.9989178350814195,
        "ohlcv.high_mean": 1.8496599999999996,
        "ohlcv.high_std": 1.0265412156362745,
        "ohlcv.low_mean": 1.6594825,
        "ohlcv.low_std": 0.9596393897937652,
        "ohlcv.close_mean": 1.7633474999999996,
        "ohlcv.close_std": 1.0007694110002314,
        "ohlcv.volume_mean": 4489010641.65,
        "ohlcv.volume_std": 2978938528.7486005
    },
    "rebirth\u2192maturity": {
        "entropy_norm_mean": 0.48055811785514263,
        "entropy_norm_std": 0.30330163535027493,
        "sei_norm_mean": 0.5606375882875719,
        "sei_norm_std": 0.3136020806444142,
        "impulse_mean": 0.3657224144226216,
        "impulse_std": 0.20973467551011327,
        "ohlcv.open_mean": 1.7617699999999998,
        "ohlcv.open_std": 1.0024391099213956,
        "ohlcv.high_mean": 1.8483525,
        "ohlcv.high_std": 1.029687597766308,
        "ohlcv.low_mean": 1.658035,
        "ohlcv.low_std": 0.9616075203922857,
        "ohlcv.close_mean": 1.76386,
        "ohlcv.close_std": 1.0028836611990446,
        "ohlcv.volume_mean": 4445748397.375,
        "ohlcv.volume_std": 2908238428.2229567
    }
}