{
    "maturity\u2192growth": {
        "entropy_norm_mean": 0.43656497634869745,
        "entropy_norm_std": 0.16487368604137095,
        "sei_norm_mean": 0.5298391767599245,
        "sei_norm_std": 0.21607061628153557,
        "impulse_mean": 0.35966722885249164,
        "impulse_std": 0.14237915373590126,
        "ohlcv.open_mean": 63149.98628333334,
        "ohlcv.open_std": 21598.55163315313,
        "ohlcv.high_mean": 64862.94443333333,
        "ohlcv.high_std": 21682.710277452054,
        "ohlcv.low_mean": 61347.42966666666,
        "ohlcv.low_std": 21625.12997927097,
        "ohlcv.close_mean": 63344.23045,
        "ohlcv.close_std": 21616.339765933688,
        "ohlcv.volume_mean": 51706231359.02333,
        "ohlcv.volume_std": 26228618990.057377
    },
    "growth\u2192maturity": {
        "entropy_norm_mean": 0.4408253469836629,
        "entropy_norm_std": 0.16429134027633796,
        "sei_norm_mean": 0.5397039599187241,
        "sei_norm_std": 0.21035966854143695,
        "impulse_mean": 0.365297523333391,
        "impulse_std": 0.1339838492320565,
        "ohlcv.open_mean": 63798.13175000001,
        "ohlcv.open_std": 21411.511853125492,
        "ohlcv.high_mean": 65515.41781666666,
        "ohlcv.high_std": 21499.36334660295,
        "ohlcv.low_mean": 62014.66901666666,
        "ohlcv.low_std": 21466.17153377586,
        "ohlcv.close_mean": 63982.75708333333,
        "ohlcv.close_std": 21492.801487449837,
        "ohlcv.volume_mean": 50731335487.75,
        "ohlcv.volume_std": 25934831744.353832
    },
    "maturity\u2192rebirth": {
        "entropy_norm_mean": 0.336911499112313,
        "entropy_norm_std": 0.12926717854461073,
        "sei_norm_mean": 0.7949589973186784,
        "sei_norm_std": 0.14235490691736452,
        "impulse_mean": 0.3920106590851758,
        "impulse_std": 0.1895323142098851,
        "ohlcv.open_mean": 86811.90487500001,
        "ohlcv.open_std": 12888.418677367677,
        "ohlcv.high_mean": 88687.52175,
        "ohlcv.high_std": 12736.927878902428,
        "ohlcv.low_mean": 84839.43925,
        "ohlcv.low_std": 12938.596289507681,
        "ohlcv.close_mean": 86898.71825,
        "ohlcv.close_std": 12857.469335896234,
        "ohlcv.volume_mean": 46494722723.4875,
        "ohlcv.volume_std": 20044164678.57974
    },
    "rebirth\u2192maturity": {
        "entropy_norm_mean": 0.31575103100354995,
        "entropy_norm_std": 0.08161156824767896,
        "sei_norm_mean": 0.7984682661573153,
        "sei_norm_std": 0.1348280468732791,
        "impulse_mean": 0.39115712574286643,
        "impulse_std": 0.19548848607635974,
        "ohlcv.open_mean": 87232.77549999999,
        "ohlcv.open_std": 12936.61968419696,
        "ohlcv.high_mean": 89140.46525000001,
        "ohlcv.high_std": 13029.744161756493,
        "ohlcv.low_mean": 85203.98162499999,
        "ohlcv.low_std": 13027.135114656201,
        "ohlcv.close_mean": 87288.01637499999,
        "ohlcv.close_std": 13073.744726889103,
        "ohlcv.volume_mean": 47276940954.525,
        "ohlcv.volume_std": 23642323093.219166
    },
    "growth\u2192rebirth": {
        "entropy_norm_mean": 0.4256283592533758,
        "entropy_norm_std": 0.12070142787705249,
        "sei_norm_mean": 0.7617368673788618,
        "sei_norm_std": 0.12320138880575678,
        "impulse_mean": 0.530428382359103,
        "impulse_std": 0.21762080108074405,
        "ohlcv.open_mean": 80013.105,
        "ohlcv.open_std": 12036.637961208064,
        "ohlcv.high_mean": 81884.198875,
        "ohlcv.high_std": 12123.506130620588,
        "ohlcv.low_mean": 77322.955625,
        "ohlcv.low_std": 11598.697060826364,
        "ohlcv.close_mean": 79600.425875,
        "ohlcv.close_std": 11938.704869537953,
        "ohlcv.volume_mean": 42267505062.7125,
        "ohlcv.volume_std": 19192516497.11008
    },
    "rebirth\u2192growth": {
        "entropy_norm_mean": 0.4413970500072317,
        "entropy_norm_std": 0.09282018626534969,
        "sei_norm_mean": 0.7501870899047427,
        "sei_norm_std": 0.11849760806829375,
        "impulse_mean": 0.5422678835996038,
        "impulse_std": 0.20400675001153987,
        "ohlcv.open_mean": 78706.23275,
        "ohlcv.open_std": 11378.269230241587,
        "ohlcv.high_mean": 80640.676625,
        "ohlcv.high_std": 11597.890364994288,
        "ohlcv.low_mean": 76230.78612500001,
        "ohlcv.low_std": 10974.169390020425,
        "ohlcv.close_mean": 78539.3805,
        "ohlcv.close_std": 11442.017368171892,
        "ohlcv.volume_mean": 40046140672.6375,
        "ohlcv.volume_std": 18549059877.63689
    },
    "maturity\u2192death": {
        "entropy_norm_mean": 0.7667555912865562,
        "entropy_norm_std": 0.20883331635818206,
        "sei_norm_mean": 0.720517323737434,
        "sei_norm_std": 0.06753542216303741,
        "impulse_mean": 0.4810345953986504,
        "impulse_std": 0.14783572321149796,
        "ohlcv.open_mean": 89570.475,
        "ohlcv.open_std": 6975.251825252261,
        "ohlcv.high_mean": 92296.24,
        "ohlcv.high_std": 6590.829452916379,
        "ohlcv.low_mean": 88134.25600000001,
        "ohlcv.low_std": 6491.1342659495185,
        "ohlcv.close_mean": 90571.67649999999,
        "ohlcv.close_std": 6354.002730366329,
        "ohlcv.volume_mean": 86921942408.25,
        "ohlcv.volume_std": 29680250132.03841
    },
    "death\u2192decay": {
        "entropy_norm_mean": 0.7861819504633558,
        "entropy_norm_std": 0.17410689665113582,
        "sei_norm_mean": 0.7429871637071892,
        "sei_norm_std": 0.06912094021887273,
        "impulse_mean": 0.4906371898243297,
        "impulse_std": 0.14621211372763726,
        "ohlcv.open_mean": 91526.725,
        "ohlcv.open_std": 5563.771502103137,
        "ohlcv.high_mean": 94354.31300000001,
        "ohlcv.high_std": 4387.232641404033,
        "ohlcv.low_mean": 90066.36650000002,
        "ohlcv.low_std": 5265.052228286321,
        "ohlcv.close_mean": 92565.3415,
        "ohlcv.close_std": 4547.937272042432,
        "ohlcv.volume_mean": 89683351938.3,
        "ohlcv.volume_std": 26624545016.996704
    },
    "decay\u2192death": {
        "entropy_norm_mean": 0.7846474700366707,
        "entropy_norm_std": 0.17752296170787898,
        "sei_norm_mean": 0.7544649654029296,
        "sei_norm_std": 0.06893627940755402,
        "impulse_mean": 0.4843212334496122,
        "impulse_std": 0.14896078256272033,
        "ohlcv.open_mean": 92565.412,
        "ohlcv.open_std": 4548.275049875062,
        "ohlcv.high_mean": 95153.079,
        "ohlcv.high_std": 3299.986761126323,
        "ohlcv.low_mean": 91046.0865,
        "ohlcv.low_std": 4409.613939634936,
        "ohlcv.close_mean": 93367.16649999999,
        "ohlcv.close_std": 3665.611050538879,
        "ohlcv.volume_mean": 88350133109.2,
        "ohlcv.volume_std": 27597175546.450584
    },
    "death\u2192maturity": {
        "entropy_norm_mean": 0.7384561210831265,
        "entropy_norm_std": 0.23282517250992596,
        "sei_norm_mean": 0.7867789451634067,
        "sei_norm_std": 0.06499210468158749,
        "impulse_mean": 0.43122484180520154,
        "impulse_std": 0.1547401545470406,
        "ohlcv.open_mean": 94183.0695,
        "ohlcv.open_std": 3370.952068181147,
        "ohlcv.high_mean": 96110.329,
        "ohlcv.high_std": 2821.580444823255,
        "ohlcv.low_mean": 92656.962,
        "ohlcv.low_std": 3170.9433289710482,
        "ohlcv.close_mean": 94454.69699999999,
        "ohlcv.close_std": 3280.369543966197,
        "ohlcv.volume_mean": 78737104080.7,
        "ohlcv.volume_std": 21076938975.755543
    }
}