{
    "maturity\u2192growth": {
        "entropy_norm_mean": 0.5548296168940905,
        "entropy_norm_std": 0.29019525258599016,
        "sei_norm_mean": 0.5686854526149464,
        "sei_norm_std": 0.27969915863029093,
        "impulse_mean": 0.3907380152049903,
        "impulse_std": 0.2808024282445791,
        "ohlcv.open_mean": 0.33403869999999997,
        "ohlcv.open_std": 0.14297437286699322,
        "ohlcv.high_mean": 0.37017612,
        "ohlcv.high_std": 0.15812699757253854,
        "ohlcv.low_mean": 0.29662508,
        "ohlcv.low_std": 0.1198220447565205,
        "ohlcv.close_mean": 0.33561989999999997,
        "ohlcv.close_std": 0.1351149231927769,
        "ohlcv.volume_mean": 12296266036.12,
        "ohlcv.volume_std": 12018582885.946608
    },
    "growth\u2192maturity": {
        "entropy_norm_mean": 0.45867578855818164,
        "entropy_norm_std": 0.2486990552292465,
        "sei_norm_mean": 0.49062750998458493,
        "sei_norm_std": 0.2322443521595871,
        "impulse_mean": 0.271541277636291,
        "impulse_std": 0.21456943082653593,
        "ohlcv.open_mean": 0.2986030166666667,
        "ohlcv.open_std": 0.10280951845208555,
        "ohlcv.high_mean": 0.32877313333333336,
        "ohlcv.high_std": 0.10474621958340814,
        "ohlcv.low_mean": 0.27517526666666664,
        "ohlcv.low_std": 0.09337497533723309,
        "ohlcv.close_mean": 0.3052721666666666,
        "ohlcv.close_std": 0.09542708896624806,
        "ohlcv.volume_mean": 11677287820.75,
        "ohlcv.volume_std": 12015889000.667881
    },
    "growth\u2192rebirth": {
        "entropy_norm_mean": 0.7347735116065164,
        "entropy_norm_std": 0.1400679982839388,
        "sei_norm_mean": 0.8291904141275376,
        "sei_norm_std": 0.16779506346877912,
        "impulse_mean": 0.5322138496563374,
        "impulse_std": 0.2668088536350695,
        "ohlcv.open_mean": 0.4107165,
        "ohlcv.open_std": 0.10404741455741866,
        "ohlcv.high_mean": 0.4605743333333335,
        "ohlcv.high_std": 0.12720377766097288,
        "ohlcv.low_mean": 0.36153316666666674,
        "ohlcv.low_std": 0.09038980266032347,
        "ohlcv.close_mean": 0.4131743333333333,
        "ohlcv.close_std": 0.10541864897266624,
        "ohlcv.volume_mean": 11118069534.766666,
        "ohlcv.volume_std": 9503610200.679873
    },
    "rebirth\u2192maturity": {
        "entropy_norm_mean": 0.7549634559978978,
        "entropy_norm_std": 0.1459946896685633,
        "sei_norm_mean": 0.8339835684176803,
        "sei_norm_std": 0.15850961981966682,
        "impulse_mean": 0.5771006240582612,
        "impulse_std": 0.2641719090098248,
        "ohlcv.open_mean": 0.43473216666666664,
        "ohlcv.open_std": 0.11325680515376942,
        "ohlcv.high_mean": 0.4873463333333334,
        "ohlcv.high_std": 0.13272303164819924,
        "ohlcv.low_mean": 0.37881016666666667,
        "ohlcv.low_std": 0.0955751645301865,
        "ohlcv.close_mean": 0.4345346666666666,
        "ohlcv.close_std": 0.10989424876468994,
        "ohlcv.volume_mean": 12824671711.566668,
        "ohlcv.volume_std": 10524616982.711369
    },
    "maturity\u2192death": {
        "entropy_norm_mean": 0.7837539162266787,
        "entropy_norm_std": 0.16286942788341738,
        "sei_norm_mean": 0.7354853942422366,
        "sei_norm_std": 0.16085344796050155,
        "impulse_mean": 0.6568316428401966,
        "impulse_std": 0.2563942376469504,
        "ohlcv.open_mean": 0.47559200000000007,
        "ohlcv.open_std": 0.11728465456316098,
        "ohlcv.high_mean": 0.5377305,
        "ohlcv.high_std": 0.12721355177318963,
        "ohlcv.low_mean": 0.421052,
        "ohlcv.low_std": 0.08854768504032162,
        "ohlcv.close_mean": 0.48697550000000006,
        "ohlcv.close_std": 0.10787698343367784,
        "ohlcv.volume_mean": 17953767454.05,
        "ohlcv.volume_std": 12027898627.282803
    },
    "death\u2192rebirth": {
        "entropy_norm_mean": 0.801579554878279,
        "entropy_norm_std": 0.1400768724236266,
        "sei_norm_mean": 0.8753565515818501,
        "sei_norm_std": 0.11034156705282114,
        "impulse_mean": 0.7265526747303644,
        "impulse_std": 0.1712757836764736,
        "ohlcv.open_mean": 0.49511800000000006,
        "ohlcv.open_std": 0.09893530768133285,
        "ohlcv.high_mean": 0.563023,
        "ohlcv.high_std": 0.11327354020688149,
        "ohlcv.low_mean": 0.418271,
        "ohlcv.low_std": 0.09914350452248498,
        "ohlcv.close_mean": 0.4890800000000001,
        "ohlcv.close_std": 0.10675897025543099,
        "ohlcv.volume_mean": 17886674870.15,
        "ohlcv.volume_std": 12123411055.197144
    },
    "rebirth\u2192growth": {
        "entropy_norm_mean": 0.7109338070896329,
        "entropy_norm_std": 0.11975942827336915,
        "sei_norm_mean": 0.9172877824912063,
        "sei_norm_std": 0.07051987939021674,
        "impulse_mean": 0.5045906809072604,
        "impulse_std": 0.24766088257867386,
        "ohlcv.open_mean": 0.3984785,
        "ohlcv.open_std": 0.08241309667006816,
        "ohlcv.high_mean": 0.4394115,
        "ohlcv.high_std": 0.10535291069899302,
        "ohlcv.low_mean": 0.34637199999999996,
        "ohlcv.low_std": 0.07791221365100597,
        "ohlcv.close_mean": 0.39034050000000003,
        "ohlcv.close_std": 0.0810141442882044,
        "ohlcv.volume_mean": 7746446165.65,
        "ohlcv.volume_std": 5209053580.033526
    }
}