{
    "maturity\u2192growth": {
        "entropy_norm_mean": 0.40353330825473,
        "entropy_norm_std": 0.15528555846788095,
        "sei_norm_mean": 0.6554599436233761,
        "sei_norm_std": 0.12031973209976268,
        "impulse_mean": 0.2719525438857919,
        "impulse_std": 0.11316355751145037,
        "ohlcv.open_mean": 3076.7539999999995,
        "ohlcv.open_std": 578.0909307358143,
        "ohlcv.high_mean": 3180.605181818182,
        "ohlcv.high_std": 583.2234719022325,
        "ohlcv.low_mean": 2961.134477272727,
        "ohlcv.low_std": 571.6104430253491,
        "ohlcv.close_mean": 3082.8384090909094,
        "ohlcv.close_std": 581.1329143000967,
        "ohlcv.volume_mean": 23451920532.69091,
        "ohlcv.volume_std": 11204322114.55907
    },
    "growth\u2192maturity": {
        "entropy_norm_mean": 0.4184665949761893,
        "entropy_norm_std": 0.146552533712983,
        "sei_norm_mean": 0.6574193186913473,
        "sei_norm_std": 0.11578418975028734,
        "impulse_mean": 0.27487517557799535,
        "impulse_std": 0.11543860138984079,
        "ohlcv.open_mean": 3090.2679090909087,
        "ohlcv.open_std": 580.1859943455365,
        "ohlcv.high_mean": 3193.784,
        "ohlcv.high_std": 587.4020312214548,
        "ohlcv.low_mean": 2970.2484545454545,
        "ohlcv.low_std": 572.46442056839,
        "ohlcv.close_mean": 3090.6520454545457,
        "ohlcv.close_std": 584.5288417659737,
        "ohlcv.volume_mean": 23554433685.284092,
        "ohlcv.volume_std": 11433417129.63506
    },
    "maturity\u2192decay": {
        "entropy_norm_mean": 0.6672748054799553,
        "entropy_norm_std": 0.18645899798682514,
        "sei_norm_mean": 0.6377978859380793,
        "sei_norm_std": 0.0879066896063845,
        "impulse_mean": 0.46751445143591674,
        "impulse_std": 0.18907596464024015,
        "ohlcv.open_mean": 3505.5815000000002,
        "ohlcv.open_std": 409.4686715400215,
        "ohlcv.high_mean": 3703.504,
        "ohlcv.high_std": 435.2799852095201,
        "ohlcv.low_mean": 3253.888,
        "ohlcv.low_std": 451.19370984755534,
        "ohlcv.close_mean": 3489.912500000001,
        "ohlcv.close_std": 442.6732946979635,
        "ohlcv.volume_mean": 50542035744.1,
        "ohlcv.volume_std": 14727747488.40969
    },
    "decay\u2192death": {
        "entropy_norm_mean": 0.6860234043423424,
        "entropy_norm_std": 0.16590577579874113,
        "sei_norm_mean": 0.650352320747987,
        "sei_norm_std": 0.0862612496110735,
        "impulse_mean": 0.4994078064245374,
        "impulse_std": 0.1987138952151259,
        "ohlcv.open_mean": 3489.8309999999997,
        "ohlcv.open_std": 442.60440987297,
        "ohlcv.high_mean": 3713.5035000000003,
        "ohlcv.high_std": 416.29232401372724,
        "ohlcv.low_mean": 3225.3379999999997,
        "ohlcv.low_std": 499.1472889899333,
        "ohlcv.close_mean": 3489.8435000000004,
        "ohlcv.close_std": 442.78459110808046,
        "ohlcv.volume_mean": 52433718083.65,
        "ohlcv.volume_std": 14364410996.456196
    },
    "death\u2192maturity": {
        "entropy_norm_mean": 0.7353205804725642,
        "entropy_norm_std": 0.19980695408786117,
        "sei_norm_mean": 0.6566698452896551,
        "sei_norm_std": 0.07692905577483913,
        "impulse_mean": 0.5464260903069988,
        "impulse_std": 0.22606783508450046,
        "ohlcv.open_mean": 3025.0572500000003,
        "ohlcv.open_std": 575.6028334754247,
        "ohlcv.high_mean": 3208.4362499999997,
        "ohlcv.high_std": 594.1370216864436,
        "ohlcv.low_mean": 2765.8305,
        "ohlcv.low_std": 596.5648298674253,
        "ohlcv.close_mean": 3004.62475,
        "ohlcv.close_std": 588.9022884697745,
        "ohlcv.volume_mean": 45828202699.95,
        "ohlcv.volume_std": 13909780568.500105
    },
    "maturity\u2192rebirth": {
        "entropy_norm_mean": 0.5529103808232065,
        "entropy_norm_std": 0.2537799492276308,
        "sei_norm_mean": 0.8379613267872674,
        "sei_norm_std": 0.14588285077483223,
        "impulse_mean": 0.5354894000707173,
        "impulse_std": 0.19674541272318216,
        "ohlcv.open_mean": 3823.5112500000005,
        "ohlcv.open_std": 674.3988372587378,
        "ohlcv.high_mean": 3998.0914999999995,
        "ohlcv.high_std": 633.7153920907634,
        "ohlcv.low_mean": 3555.7027500000004,
        "ohlcv.low_std": 764.3128470102655,
        "ohlcv.close_mean": 3793.8830000000003,
        "ohlcv.close_std": 687.547043293039,
        "ohlcv.volume_mean": 38405152028.8,
        "ohlcv.volume_std": 18503474310.370487
    },
    "rebirth\u2192maturity": {
        "entropy_norm_mean": 0.5816821708982137,
        "entropy_norm_std": 0.28438904044686475,
        "sei_norm_mean": 0.8443748562334756,
        "sei_norm_std": 0.1334849984436179,
        "impulse_mean": 0.5545701183011825,
        "impulse_std": 0.1856581080794408,
        "ohlcv.open_mean": 3642.5342499999997,
        "ohlcv.open_std": 803.7729395354371,
        "ohlcv.high_mean": 3813.4015,
        "ohlcv.high_std": 774.7934494029683,
        "ohlcv.low_mean": 3374.6225000000004,
        "ohlcv.low_std": 869.3475399451879,
        "ohlcv.close_mean": 3609.3085000000005,
        "ohlcv.close_std": 814.9205980509697,
        "ohlcv.volume_mean": 36087309800.775,
        "ohlcv.volume_std": 17764966694.41476
    },
    "maturity\u2192death": {
        "entropy_norm_mean": 0.8466820559973989,
        "entropy_norm_std": 0.12689467379384398,
        "sei_norm_mean": 0.7108589335083254,
        "sei_norm_std": 0.044773447574353725,
        "impulse_mean": 0.6621809465462638,
        "impulse_std": 0.1853354043678703,
        "ohlcv.open_mean": 2917.6755000000003,
        "ohlcv.open_std": 583.3571989568227,
        "ohlcv.high_mean": 3110.5305,
        "ohlcv.high_std": 577.2524247543271,
        "ohlcv.low_mean": 2589.9435,
        "ohlcv.low_std": 596.2318487826276,
        "ohlcv.close_mean": 2858.1335000000004,
        "ohlcv.close_std": 547.3607959771599,
        "ohlcv.volume_mean": 47597246555.9,
        "ohlcv.volume_std": 15238273038.238182
    }
}