{
    "maturity\u2192growth": {
        "entropy_norm_mean": 0.40280021299966573,
        "entropy_norm_std": 0.17922021716071185,
        "sei_norm_mean": 0.5490587146592283,
        "sei_norm_std": 0.23931536968763925,
        "impulse_mean": 0.4208108459014508,
        "impulse_std": 0.15473196577584813,
        "ohlcv.open_mean": 149.5077076923077,
        "ohlcv.open_std": 11.090736334330247,
        "ohlcv.high_mean": 150.36269230769233,
        "ohlcv.high_std": 11.022211560052556,
        "ohlcv.low_mean": 148.64298461538462,
        "ohlcv.low_std": 10.9199208689614,
        "ohlcv.close_mean": 149.53079230769228,
        "ohlcv.close_std": 10.921324959909434,
        "ohlcv.volume_mean": 604949.0884615384,
        "ohlcv.volume_std": 301518.16434130445
    },
    "growth\u2192maturity": {
        "entropy_norm_mean": 0.4136162894887156,
        "entropy_norm_std": 0.18199122553098776,
        "sei_norm_mean": 0.5687413621887392,
        "sei_norm_std": 0.21974438117205697,
        "impulse_mean": 0.40430584118445534,
        "impulse_std": 0.13323180800270126,
        "ohlcv.open_mean": 150.39480141666667,
        "ohlcv.open_std": 10.343734746085655,
        "ohlcv.high_mean": 151.241266625,
        "ohlcv.high_std": 10.312254315408515,
        "ohlcv.low_mean": 149.54418745833334,
        "ohlcv.low_std": 10.298323914159193,
        "ohlcv.close_mean": 150.37969308333334,
        "ohlcv.close_std": 10.304751062501081,
        "ohlcv.volume_mean": 602978.2375,
        "ohlcv.volume_std": 331747.4146159838
    },
    "maturity\u2192rebirth": {
        "entropy_norm_mean": 0.28615430253694196,
        "entropy_norm_std": 0.1367003715456253,
        "sei_norm_mean": 0.5963641522502444,
        "sei_norm_std": 0.20728403043010893,
        "impulse_mean": 0.4208294086748532,
        "impulse_std": 0.18105834910744997,
        "ohlcv.open_mean": 151.33604213157895,
        "ohlcv.open_std": 10.777117805952717,
        "ohlcv.high_mean": 152.1718404473684,
        "ohlcv.high_std": 10.804923477712324,
        "ohlcv.low_mean": 150.49448684210526,
        "ohlcv.low_std": 10.766668751159537,
        "ohlcv.close_mean": 151.35503160526315,
        "ohlcv.close_std": 10.79212681671233,
        "ohlcv.volume_mean": 610757.2368421053,
        "ohlcv.volume_std": 300690.24767402245
    },
    "rebirth\u2192maturity": {
        "entropy_norm_mean": 0.2733416162562683,
        "entropy_norm_std": 0.08270633411561767,
        "sei_norm_mean": 0.5672394164134344,
        "sei_norm_std": 0.19872442627224768,
        "impulse_mean": 0.4227992954751184,
        "impulse_std": 0.17993901602560222,
        "ohlcv.open_mean": 150.26913160526317,
        "ohlcv.open_std": 10.676200887798416,
        "ohlcv.high_mean": 151.08524307894737,
        "ohlcv.high_std": 10.682320019189564,
        "ohlcv.low_mean": 149.4360894736842,
        "ohlcv.low_std": 10.727835933603302,
        "ohlcv.close_mean": 150.2913842368421,
        "ohlcv.close_std": 10.731282243515633,
        "ohlcv.volume_mean": 590553.15,
        "ohlcv.volume_std": 276486.1190942525
    },
    "growth\u2192rebirth": {
        "entropy_norm_mean": 0.39299247450739205,
        "entropy_norm_std": 0.12355061260222203,
        "sei_norm_mean": 0.6236459463758134,
        "sei_norm_std": 0.18003402746789254,
        "impulse_mean": 0.45990276061332763,
        "impulse_std": 0.14882323864091623,
        "ohlcv.open_mean": 152.11665566666667,
        "ohlcv.open_std": 7.456720742347885,
        "ohlcv.high_mean": 152.7690165,
        "ohlcv.high_std": 7.352537086343923,
        "ohlcv.low_mean": 151.03221666666667,
        "ohlcv.low_std": 7.569826658278834,
        "ohlcv.close_mean": 151.892389,
        "ohlcv.close_std": 7.455281746069179,
        "ohlcv.volume_mean": 499247.6,
        "ohlcv.volume_std": 228870.82995896757
    },
    "rebirth\u2192growth": {
        "entropy_norm_mean": 0.40120069541591563,
        "entropy_norm_std": 0.13068393232909917,
        "sei_norm_mean": 0.7438473103745522,
        "sei_norm_std": 0.034607697094792236,
        "impulse_mean": 0.4311149117787374,
        "impulse_std": 0.14555036070233354,
        "ohlcv.open_mean": 157.0436835,
        "ohlcv.open_std": 1.543994385584917,
        "ohlcv.high_mean": 157.67884974999998,
        "ohlcv.high_std": 1.399623258926286,
        "ohlcv.low_mean": 156.03655,
        "ohlcv.low_std": 1.672830639216055,
        "ohlcv.close_mean": 156.86185849999998,
        "ohlcv.close_std": 1.3730265335628986,
        "ohlcv.volume_mean": 412530.075,
        "ohlcv.volume_std": 173080.7635390755
    },
    "rebirth\u2192death": {
        "entropy_norm_mean": 0.7066636712337334,
        "entropy_norm_std": 0.2467705862691562,
        "sei_norm_mean": 0.9160783282727453,
        "sei_norm_std": 0.06361238859727032,
        "impulse_mean": 0.5344835784977678,
        "impulse_std": 0.1438510449834838,
        "ohlcv.open_mean": 163.57625,
        "ohlcv.open_std": 4.02299655574051,
        "ohlcv.high_mean": 164.5995,
        "ohlcv.high_std": 3.6340733137899135,
        "ohlcv.low_mean": 162.16680000000002,
        "ohlcv.low_std": 3.9409422046003204,
        "ohlcv.close_mean": 163.1547,
        "ohlcv.close_std": 3.5983726196712875,
        "ohlcv.volume_mean": 930788.05,
        "ohlcv.volume_std": 369124.48828105064
    },
    "death\u2192maturity": {
        "entropy_norm_mean": 0.7288376785358484,
        "entropy_norm_std": 0.21614532731505254,
        "sei_norm_mean": 0.8571643774698243,
        "sei_norm_std": 0.059156076007291156,
        "impulse_mean": 0.5004645755158292,
        "impulse_std": 0.16927860952204962,
        "ohlcv.open_mean": 161.6135,
        "ohlcv.open_std": 2.070895446419254,
        "ohlcv.high_mean": 162.6731,
        "ohlcv.high_std": 1.8714964841003552,
        "ohlcv.low_mean": 160.3711,
        "ohlcv.low_std": 2.1388519326966047,
        "ohlcv.close_mean": 161.3703,
        "ohlcv.close_std": 1.7114584160884543,
        "ohlcv.volume_mean": 1006309.25,
        "ohlcv.volume_std": 325926.13500851305
    }
}