{
    "maturity\u2192growth": {
        "entropy_norm_mean": 0.42090937323567146,
        "entropy_norm_std": 0.15770424378409073,
        "sei_norm_mean": 0.4299020270306025,
        "sei_norm_std": 0.2296107561813904,
        "impulse_mean": 0.33236166447118143,
        "impulse_std": 0.16053539936970757,
        "ohlcv.open_mean": 1.0823964545454545,
        "ohlcv.open_std": 0.05703127840244887,
        "ohlcv.high_mean": 1.0872665606060608,
        "ohlcv.high_std": 0.05617703353512833,
        "ohlcv.low_mean": 1.0780576666666666,
        "ohlcv.low_std": 0.05767848574020323,
        "ohlcv.close_mean": 1.0825809848484849,
        "ohlcv.close_std": 0.05700597916087995,
        "ohlcv.volume_mean": 291566.0924242424,
        "ohlcv.volume_std": 111958.4288735438
    },
    "growth\u2192maturity": {
        "entropy_norm_mean": 0.43345519771253993,
        "entropy_norm_std": 0.16644620496756243,
        "sei_norm_mean": 0.42831164111735787,
        "sei_norm_std": 0.227486273773957,
        "impulse_mean": 0.3322920207286356,
        "impulse_std": 0.1635687797975239,
        "ohlcv.open_mean": 1.0830810294117645,
        "ohlcv.open_std": 0.05704964206052856,
        "ohlcv.high_mean": 1.0881214117647058,
        "ohlcv.high_std": 0.056228120328301746,
        "ohlcv.low_mean": 1.0787362352941177,
        "ohlcv.low_std": 0.05758572427467378,
        "ohlcv.close_mean": 1.0832979264705882,
        "ohlcv.close_std": 0.05690386045231857,
        "ohlcv.volume_mean": 303714.5764705882,
        "ohlcv.volume_std": 138917.71532779452
    },
    "maturity\u2192rebirth": {
        "entropy_norm_mean": 0.350969876439942,
        "entropy_norm_std": 0.16619468444432348,
        "sei_norm_mean": 0.3798027540789742,
        "sei_norm_std": 0.06365341872987341,
        "impulse_mean": 0.36061872166414316,
        "impulse_std": 0.22126356305484363,
        "ohlcv.open_mean": 1.0740461666666665,
        "ohlcv.open_std": 0.020008798447322004,
        "ohlcv.high_mean": 1.0796910833333333,
        "ohlcv.high_std": 0.021357596571861467,
        "ohlcv.low_mean": 1.0701074999999998,
        "ohlcv.low_std": 0.020041426606323878,
        "ohlcv.close_mean": 1.074977,
        "ohlcv.close_std": 0.02088383695588528,
        "ohlcv.volume_mean": 328963.89166666666,
        "ohlcv.volume_std": 203135.40665857983
    },
    "rebirth\u2192maturity": {
        "entropy_norm_mean": 0.3484562696759383,
        "entropy_norm_std": 0.1494162404024652,
        "sei_norm_mean": 0.3640838632507841,
        "sei_norm_std": 0.054449323947938,
        "impulse_mean": 0.34889501289003044,
        "impulse_std": 0.1924753136411432,
        "ohlcv.open_mean": 1.0686212,
        "ohlcv.open_std": 0.015124877803142749,
        "ohlcv.high_mean": 1.0733963,
        "ohlcv.high_std": 0.014928427288565927,
        "ohlcv.low_mean": 1.0643529,
        "ohlcv.low_std": 0.01526247439277131,
        "ohlcv.close_mean": 1.0688473,
        "ohlcv.close_std": 0.01522575120347105,
        "ohlcv.volume_mean": 291296.05,
        "ohlcv.volume_std": 82714.21352396152
    },
    "rebirth\u2192growth": {
        "entropy_norm_mean": 0.5426566706729083,
        "entropy_norm_std": 0.32603538859804854,
        "sei_norm_mean": 0.4772630831634749,
        "sei_norm_std": 0.04279530282702987,
        "impulse_mean": 0.5378255844963957,
        "impulse_std": 0.24892632313894986,
        "ohlcv.open_mean": 1.1123115000000001,
        "ohlcv.open_std": 0.025173061251067583,
        "ohlcv.high_mean": 1.1233265,
        "ohlcv.high_std": 0.024884233216034595,
        "ohlcv.low_mean": 1.1084955,
        "ohlcv.low_std": 0.024617316562736895,
        "ohlcv.close_mean": 1.1159594999999998,
        "ohlcv.close_std": 0.025006801369827376,
        "ohlcv.volume_mean": 575852.45,
        "ohlcv.volume_std": 372126.902985188
    },
    "maturity\u2192death": {
        "entropy_norm_mean": 0.69926543177594,
        "entropy_norm_std": 0.26390967123519077,
        "sei_norm_mean": 0.5177769505234078,
        "sei_norm_std": 0.060630943901615886,
        "impulse_mean": 0.5962396657480633,
        "impulse_std": 0.17786315178118395,
        "ohlcv.open_mean": 1.1261169999999998,
        "ohlcv.open_std": 0.019218269198863873,
        "ohlcv.high_mean": 1.1354305,
        "ohlcv.high_std": 0.016274063867086186,
        "ohlcv.low_mean": 1.1222085,
        "ohlcv.low_std": 0.018761969053113812,
        "ohlcv.close_mean": 1.12886,
        "ohlcv.close_std": 0.018619150625095674,
        "ohlcv.volume_mean": 560309.15,
        "ohlcv.volume_std": 329012.33067413676
    },
    "death\u2192maturity": {
        "entropy_norm_mean": 0.7164724294435585,
        "entropy_norm_std": 0.24916987870675011,
        "sei_norm_mean": 0.575884280675202,
        "sei_norm_std": 0.059890612360154284,
        "impulse_mean": 0.4467419326162269,
        "impulse_std": 0.23055923907318396,
        "ohlcv.open_mean": 1.135881,
        "ohlcv.open_std": 0.0056537694505524256,
        "ohlcv.high_mean": 1.1417265,
        "ohlcv.high_std": 0.006109009964797883,
        "ohlcv.low_mean": 1.1321865,
        "ohlcv.low_std": 0.004366662655850568,
        "ohlcv.close_mean": 1.1365434999999997,
        "ohlcv.close_std": 0.006433521022737066,
        "ohlcv.volume_mean": 355195.55,
        "ohlcv.volume_std": 201415.5642730906
    }
}