{
    "maturity\u2192growth": {
        "entropy_norm_mean": 0.47287449761192224,
        "entropy_norm_std": 0.20587180899162627,
        "sei_norm_mean": 0.43761722763286554,
        "sei_norm_std": 0.21880345713320115,
        "impulse_mean": 0.30089172113289514,
        "impulse_std": 0.162732302838339,
        "ohlcv.open_mean": 1.2445896041666666,
        "ohlcv.open_std": 0.06931990602189952,
        "ohlcv.high_mean": 1.2510334166666666,
        "ohlcv.high_std": 0.06794632346254202,
        "ohlcv.low_mean": 1.2378808125,
        "ohlcv.low_std": 0.07100722012852997,
        "ohlcv.close_mean": 1.2441951666666669,
        "ohlcv.close_std": 0.06960154324777737,
        "ohlcv.volume_mean": 428047.5729166667,
        "ohlcv.volume_std": 177902.72212613982
    },
    "growth\u2192maturity": {
        "entropy_norm_mean": 0.48146547619029945,
        "entropy_norm_std": 0.20423660593194679,
        "sei_norm_mean": 0.439447252045366,
        "sei_norm_std": 0.21046470742825968,
        "impulse_mean": 0.3004010893246162,
        "impulse_std": 0.16963650472066524,
        "ohlcv.open_mean": 1.2442415208333335,
        "ohlcv.open_std": 0.06724808536292116,
        "ohlcv.high_mean": 1.2506527083333334,
        "ohlcv.high_std": 0.0659630436601809,
        "ohlcv.low_mean": 1.2376715625,
        "ohlcv.low_std": 0.06887543832177714,
        "ohlcv.close_mean": 1.2438855625,
        "ohlcv.close_std": 0.06739941266509865,
        "ohlcv.volume_mean": 426905.55833333335,
        "ohlcv.volume_std": 176294.41519883936
    },
    "maturity\u2192death": {
        "entropy_norm_mean": 0.7146505935902457,
        "entropy_norm_std": 0.22001172074651817,
        "sei_norm_mean": 0.2785187638771412,
        "sei_norm_std": 0.19913654406216916,
        "impulse_mean": 0.4686030501089315,
        "impulse_std": 0.18613323168177656,
        "ohlcv.open_mean": 1.1898875000000002,
        "ohlcv.open_std": 0.05572898442836246,
        "ohlcv.high_mean": 1.1980998333333335,
        "ohlcv.high_std": 0.0541004872587936,
        "ohlcv.low_mean": 1.180421333333333,
        "ohlcv.low_std": 0.05810874416318273,
        "ohlcv.close_mean": 1.1889821666666667,
        "ohlcv.close_std": 0.05516302986275217,
        "ohlcv.volume_mean": 515373.13333333336,
        "ohlcv.volume_std": 204906.9522720387
    },
    "death\u2192decay": {
        "entropy_norm_mean": 0.7295259641863197,
        "entropy_norm_std": 0.21517807471128572,
        "sei_norm_mean": 0.5033333223197296,
        "sei_norm_std": 0.06002478592590616,
        "impulse_mean": 0.40654117647058874,
        "impulse_std": 0.12788008597675787,
        "ohlcv.open_mean": 1.2421109999999997,
        "ohlcv.open_std": 0.012243650558554843,
        "ohlcv.high_mean": 1.2491949999999998,
        "ohlcv.high_std": 0.012095240179508618,
        "ohlcv.low_mean": 1.235083,
        "ohlcv.low_std": 0.010713625950162724,
        "ohlcv.close_mean": 1.2423395,
        "ohlcv.close_std": 0.012305276703512212,
        "ohlcv.volume_mean": 295821.5,
        "ohlcv.volume_std": 60574.91419680262
    },
    "decay\u2192maturity": {
        "entropy_norm_mean": 0.6919536865075601,
        "entropy_norm_std": 0.20093823108863426,
        "sei_norm_mean": 0.35573018542503726,
        "sei_norm_std": 0.13538246854916144,
        "impulse_mean": 0.34589281045751574,
        "impulse_std": 0.12052902041529695,
        "ohlcv.open_mean": 1.22598775,
        "ohlcv.open_std": 0.022738431617802944,
        "ohlcv.high_mean": 1.2339034999999998,
        "ohlcv.high_std": 0.021915252856173014,
        "ohlcv.low_mean": 1.22033475,
        "ohlcv.low_std": 0.02251269819318642,
        "ohlcv.close_mean": 1.227806,
        "ohlcv.close_std": 0.022670536363306466,
        "ohlcv.volume_mean": 458365.65,
        "ohlcv.volume_std": 170286.27832514135
    },
    "death\u2192maturity": {
        "entropy_norm_mean": 0.77650006516426,
        "entropy_norm_std": 0.14291278399453855,
        "sei_norm_mean": 0.12331562070469457,
        "sei_norm_std": 0.10065068571154673,
        "impulse_mean": 0.5140679738562084,
        "impulse_std": 0.19306520056894022,
        "ohlcv.open_mean": 1.1581017500000002,
        "ohlcv.open_std": 0.0493261408326001,
        "ohlcv.high_mean": 1.16908025,
        "ohlcv.high_std": 0.04721629880070548,
        "ohlcv.low_mean": 1.1493652500000002,
        "ohlcv.low_std": 0.05304780320557583,
        "ohlcv.close_mean": 1.16059625,
        "ohlcv.close_std": 0.049199735552515916,
        "ohlcv.volume_mean": 687402.35,
        "ohlcv.volume_std": 117588.92347231306
    },
    "maturity\u2192decay": {
        "entropy_norm_mean": 0.7067713394401656,
        "entropy_norm_std": 0.13809814014904379,
        "sei_norm_mean": 0.22233468029710313,
        "sei_norm_std": 0.05941478595529286,
        "impulse_mean": 0.35642352941176325,
        "impulse_std": 0.11820901476525207,
        "ohlcv.open_mean": 1.206217,
        "ohlcv.open_std": 0.015546080888764231,
        "ohlcv.high_mean": 1.2152575,
        "ohlcv.high_std": 0.016090809449807078,
        "ohlcv.low_mean": 1.2009275000000001,
        "ohlcv.low_std": 0.015308514256778778,
        "ohlcv.close_mean": 1.208908,
        "ohlcv.close_std": 0.016238166337367053,
        "ohlcv.volume_mean": 613255.35,
        "ohlcv.volume_std": 78847.63864522196
    }
}