{
    "maturity\u2192growth": {
        "entropy_norm_mean": 0.5149369893830963,
        "entropy_norm_std": 0.18899961069980617,
        "sei_norm_mean": 0.7745147393142723,
        "sei_norm_std": 0.18059340296655604,
        "impulse_mean": 0.3291476452098474,
        "impulse_std": 0.16338470751023096,
        "ohlcv.open_mean": 559.6190476190476,
        "ohlcv.open_std": 116.77013490104076,
        "ohlcv.high_mean": 568.3175238095238,
        "ohlcv.high_std": 117.26581456509187,
        "ohlcv.low_mean": 549.9847301587301,
        "ohlcv.low_std": 115.60276032092,
        "ohlcv.close_mean": 558.7204444444444,
        "ohlcv.close_std": 116.52699320687124,
        "ohlcv.volume_mean": 20163663.82222222,
        "ohlcv.volume_std": 15621334.13557979
    },
    "growth\u2192maturity": {
        "entropy_norm_mean": 0.5292127086115214,
        "entropy_norm_std": 0.18572874717571466,
        "sei_norm_mean": 0.7666156919306282,
        "sei_norm_std": 0.18474037054807804,
        "impulse_mean": 0.3190210610214285,
        "impulse_std": 0.14816809018603086,
        "ohlcv.open_mean": 557.3425170068026,
        "ohlcv.open_std": 119.72433462679147,
        "ohlcv.high_mean": 566.0375170068028,
        "ohlcv.high_std": 120.39934100842626,
        "ohlcv.low_mean": 548.1528911564625,
        "ohlcv.low_std": 118.41168062445479,
        "ohlcv.close_mean": 556.925850340136,
        "ohlcv.close_std": 119.55850954469544,
        "ohlcv.volume_mean": 20410527.911564626,
        "ohlcv.volume_std": 16085372.811670197
    },
    "maturity\u2192decay": {
        "entropy_norm_mean": 0.634534790269768,
        "entropy_norm_std": 0.18532057924562,
        "sei_norm_mean": 0.6155326849872791,
        "sei_norm_std": 0.3254155399991103,
        "impulse_mean": 0.23901011965503635,
        "impulse_std": 0.16877920553226092,
        "ohlcv.open_mean": 466.5612499999999,
        "ohlcv.open_std": 236.00662938980653,
        "ohlcv.high_mean": 473.8535,
        "ohlcv.high_std": 238.15167460622652,
        "ohlcv.low_mean": 459.56499999999994,
        "ohlcv.low_std": 233.7341530029362,
        "ohlcv.close_mean": 466.63925,
        "ohlcv.close_std": 235.92920311385257,
        "ohlcv.volume_mean": 37362834.4,
        "ohlcv.volume_std": 33110860.768538762
    },
    "decay\u2192maturity": {
        "entropy_norm_mean": 0.6309421842695108,
        "entropy_norm_std": 0.22155821768443554,
        "sei_norm_mean": 0.6651554778572284,
        "sei_norm_std": 0.3152955763884675,
        "impulse_mean": 0.20191973029176866,
        "impulse_std": 0.11218573167790762,
        "ohlcv.open_mean": 514.9605,
        "ohlcv.open_std": 219.71020355174676,
        "ohlcv.high_mean": 522.603,
        "ohlcv.high_std": 222.23474308562405,
        "ohlcv.low_mean": 508.57249999999993,
        "ohlcv.low_std": 218.1941135825697,
        "ohlcv.close_mean": 515.8498333333333,
        "ohlcv.close_std": 220.85435783559313,
        "ohlcv.volume_mean": 22414879.15,
        "ohlcv.volume_std": 12147223.978503749
    },
    "growth\u2192rebirth": {
        "entropy_norm_mean": 0.5967430338711849,
        "entropy_norm_std": 0.16680940687901866,
        "sei_norm_mean": 0.8009290442220343,
        "sei_norm_std": 0.03746108438607537,
        "impulse_mean": 0.5182665960480104,
        "impulse_std": 0.22182059855368846,
        "ohlcv.open_mean": 542.5840000000001,
        "ohlcv.open_std": 39.38107380455743,
        "ohlcv.high_mean": 556.5034999999999,
        "ohlcv.high_std": 37.61434025408394,
        "ohlcv.low_mean": 528.7325,
        "ohlcv.low_std": 37.955784918112286,
        "ohlcv.close_mean": 541.8635,
        "ohlcv.close_std": 37.97976083060556,
        "ohlcv.volume_mean": 21296549.0,
        "ohlcv.volume_std": 9133324.256337667
    },
    "rebirth\u2192maturity": {
        "entropy_norm_mean": 0.6359267491026921,
        "entropy_norm_std": 0.13626571275512658,
        "sei_norm_mean": 0.7687143129080171,
        "sei_norm_std": 0.036805446530999764,
        "impulse_mean": 0.5141714877954674,
        "impulse_std": 0.2269410530098761,
        "ohlcv.open_mean": 529.7854999999998,
        "ohlcv.open_std": 26.129541801378753,
        "ohlcv.high_mean": 543.3315,
        "ohlcv.high_std": 25.995579677129715,
        "ohlcv.low_mean": 516.934,
        "ohlcv.low_std": 23.54005382321799,
        "ohlcv.close_mean": 530.9105,
        "ohlcv.close_std": 26.46524106729428,
        "ohlcv.volume_mean": 21926770.5,
        "ohlcv.volume_std": 9069054.387891294
    },
    "maturity\u2192death": {
        "entropy_norm_mean": 0.7258798873143013,
        "entropy_norm_std": 0.16235878659472452,
        "sei_norm_mean": 0.7729959811200382,
        "sei_norm_std": 0.0477339783587513,
        "impulse_mean": 0.2877472377191987,
        "impulse_std": 0.13777104026476694,
        "ohlcv.open_mean": 613.174,
        "ohlcv.open_std": 32.49117824887241,
        "ohlcv.high_mean": 621.6510000000001,
        "ohlcv.high_std": 31.560531031654065,
        "ohlcv.low_mean": 606.566,
        "ohlcv.low_std": 33.016740360005244,
        "ohlcv.close_mean": 615.2289999999999,
        "ohlcv.close_std": 32.36806742763614,
        "ohlcv.volume_mean": 14970663.65,
        "ohlcv.volume_std": 6796204.501315608
    },
    "death\u2192decay": {
        "entropy_norm_mean": 0.7167459458261425,
        "entropy_norm_std": 0.17595851873409743,
        "sei_norm_mean": 0.8045589438936076,
        "sei_norm_std": 0.0524327632183785,
        "impulse_mean": 0.2660458289101678,
        "impulse_std": 0.14445913283771508,
        "ohlcv.open_mean": 629.2339999999999,
        "ohlcv.open_std": 20.86196333042506,
        "ohlcv.high_mean": 637.8464999999999,
        "ohlcv.high_std": 21.615002492481917,
        "ohlcv.low_mean": 623.3979999999999,
        "ohlcv.low_std": 20.840569953818438,
        "ohlcv.close_mean": 631.9464999999999,
        "ohlcv.close_std": 23.381251308473644,
        "ohlcv.volume_mean": 12618477.0,
        "ohlcv.volume_std": 3978077.0233355714
    }
}