{
    "maturity\u2192rebirth": {
        "entropy_norm_mean": 0.30813883354210825,
        "entropy_norm_std": 0.14644327456292056,
        "sei_norm_mean": 0.5945535101965389,
        "sei_norm_std": 0.22229944175823182,
        "impulse_mean": 0.4559882550440158,
        "impulse_std": 0.19680025602109838,
        "ohlcv.open_mean": 363.7022692307693,
        "ohlcv.open_std": 63.36232537378714,
        "ohlcv.high_mean": 367.8176923076923,
        "ohlcv.high_std": 63.44997326226583,
        "ohlcv.low_mean": 359.1653846153846,
        "ohlcv.low_std": 63.792452244082995,
        "ohlcv.close_mean": 363.5717307692307,
        "ohlcv.close_std": 63.83089150611932,
        "ohlcv.volume_mean": 27851345.28846154,
        "ohlcv.volume_std": 11266122.407918781
    },
    "rebirth\u2192maturity": {
        "entropy_norm_mean": 0.3220791842538918,
        "entropy_norm_std": 0.16440096730190618,
        "sei_norm_mean": 0.5699955732886427,
        "sei_norm_std": 0.2143789817615772,
        "impulse_mean": 0.44978318119918337,
        "impulse_std": 0.2030380224581243,
        "ohlcv.open_mean": 359.5577916666667,
        "ohlcv.open_std": 63.75305454543542,
        "ohlcv.high_mean": 363.57858333333326,
        "ohlcv.high_std": 64.00325447188646,
        "ohlcv.low_mean": 355.4332916666666,
        "ohlcv.low_std": 64.4654380430444,
        "ohlcv.close_mean": 359.7672083333334,
        "ohlcv.close_std": 64.57509497442955,
        "ohlcv.volume_mean": 27839668.4875,
        "ohlcv.volume_std": 11090181.616042376
    },
    "maturity\u2192growth": {
        "entropy_norm_mean": 0.3877143736966217,
        "entropy_norm_std": 0.15983118972042704,
        "sei_norm_mean": 0.572866274279443,
        "sei_norm_std": 0.17966954125968052,
        "impulse_mean": 0.33916623532345874,
        "impulse_std": 0.12703748510897914,
        "ohlcv.open_mean": 364.2605555555555,
        "ohlcv.open_std": 54.642646884830235,
        "ohlcv.high_mean": 367.6562777777778,
        "ohlcv.high_std": 54.479896037494164,
        "ohlcv.low_mean": 360.3859444444445,
        "ohlcv.low_std": 55.74678276414227,
        "ohlcv.close_mean": 364.0632222222222,
        "ohlcv.close_std": 55.4630675280162,
        "ohlcv.volume_mean": 30940706.277777776,
        "ohlcv.volume_std": 14139533.862796288
    },
    "growth\u2192maturity": {
        "entropy_norm_mean": 0.3830696576386787,
        "entropy_norm_std": 0.15105962018743194,
        "sei_norm_mean": 0.602857966876689,
        "sei_norm_std": 0.19301882099142395,
        "impulse_mean": 0.3401801308628112,
        "impulse_std": 0.12894331386757243,
        "ohlcv.open_mean": 370.12715,
        "ohlcv.open_std": 55.50160739453859,
        "ohlcv.high_mean": 373.6266499999999,
        "ohlcv.high_std": 55.25201857197165,
        "ohlcv.low_mean": 366.18665,
        "ohlcv.low_std": 56.41580786692237,
        "ohlcv.close_mean": 369.94370000000004,
        "ohlcv.close_std": 56.0944962390251,
        "ohlcv.volume_mean": 30332496.875,
        "ohlcv.volume_std": 14120362.616462301
    },
    "rebirth\u2192growth": {
        "entropy_norm_mean": 0.3960606711524918,
        "entropy_norm_std": 0.1469295714190496,
        "sei_norm_mean": 0.8827180616840549,
        "sei_norm_std": 0.036376188170877434,
        "impulse_mean": 0.41589914235747827,
        "impulse_std": 0.11827025349751989,
        "ohlcv.open_mean": 425.90250000000003,
        "ohlcv.open_std": 18.29789683952776,
        "ohlcv.high_mean": 429.57649999999995,
        "ohlcv.high_std": 16.98547622970872,
        "ohlcv.low_mean": 420.175,
        "ohlcv.low_std": 18.212777794724236,
        "ohlcv.close_mean": 424.01699999999994,
        "ohlcv.close_std": 17.898553880132326,
        "ohlcv.volume_mean": 24029663.0,
        "ohlcv.volume_std": 8062905.95255465
    },
    "maturity\u2192decay": {
        "entropy_norm_mean": 0.7106086434961262,
        "entropy_norm_std": 0.2323022890299796,
        "sei_norm_mean": 0.7099971788189146,
        "sei_norm_std": 0.06581009681176446,
        "impulse_mean": 0.40046046207299596,
        "impulse_std": 0.2149440298681713,
        "ohlcv.open_mean": 429.0835,
        "ohlcv.open_std": 25.502797547524075,
        "ohlcv.high_mean": 434.075,
        "ohlcv.high_std": 24.802812239744096,
        "ohlcv.low_mean": 426.572,
        "ohlcv.low_std": 25.869003768989636,
        "ohlcv.close_mean": 431.41850000000005,
        "ohlcv.close_std": 24.518608703390978,
        "ohlcv.volume_mean": 23222978.6,
        "ohlcv.volume_std": 9669863.926873736
    },
    "decay\u2192maturity": {
        "entropy_norm_mean": 0.6778347894361333,
        "entropy_norm_std": 0.2689151309767489,
        "sei_norm_mean": 0.8172345286663182,
        "sei_norm_std": 0.07194262791278437,
        "impulse_mean": 0.2544918198019218,
        "impulse_std": 0.1291535786646696,
        "ohlcv.open_mean": 452.2,
        "ohlcv.open_std": 8.035570919356019,
        "ohlcv.high_mean": 455.774,
        "ohlcv.high_std": 7.607506424578287,
        "ohlcv.low_mean": 449.9750000000001,
        "ohlcv.low_std": 8.400418739562925,
        "ohlcv.close_mean": 453.47700000000003,
        "ohlcv.close_std": 8.279593649449229,
        "ohlcv.volume_mean": 19927956.8,
        "ohlcv.volume_std": 4737734.973150077
    }
}