{
    "maturity\u2192growth": {
        "entropy_norm_mean": 0.4247727704761719,
        "entropy_norm_std": 0.16615331081642043,
        "sei_norm_mean": 0.5536448448468518,
        "sei_norm_std": 0.2153031096602454,
        "impulse_mean": 0.3545912682488078,
        "impulse_std": 0.15668133371507081,
        "ohlcv.open_mean": 273.63790540540543,
        "ohlcv.open_std": 78.7253216179897,
        "ohlcv.high_mean": 280.48593243243243,
        "ohlcv.high_std": 80.0350762297603,
        "ohlcv.low_mean": 266.12716216216216,
        "ohlcv.low_std": 77.12081079288575,
        "ohlcv.close_mean": 273.427027027027,
        "ohlcv.close_std": 78.58844913973337,
        "ohlcv.volume_mean": 115797521.90405406,
        "ohlcv.volume_std": 59121785.975422636
    },
    "growth\u2192maturity": {
        "entropy_norm_mean": 0.4317358411481057,
        "entropy_norm_std": 0.16601493911625498,
        "sei_norm_mean": 0.5520185223255353,
        "sei_norm_std": 0.20798619070087737,
        "impulse_mean": 0.35944020722125064,
        "impulse_std": 0.15708424959273984,
        "ohlcv.open_mean": 270.9690675675676,
        "ohlcv.open_std": 76.60265827418203,
        "ohlcv.high_mean": 277.95772972972975,
        "ohlcv.high_std": 77.77331628995748,
        "ohlcv.low_mean": 263.3731216216216,
        "ohlcv.low_std": 74.92934574767351,
        "ohlcv.close_mean": 270.72402702702703,
        "ohlcv.close_std": 76.2552639742533,
        "ohlcv.volume_mean": 116497995.07432432,
        "ohlcv.volume_std": 58082606.292098515
    },
    "maturity\u2192death": {
        "entropy_norm_mean": 0.6792879299025135,
        "entropy_norm_std": 0.26084003398556044,
        "sei_norm_mean": 0.678530219337389,
        "sei_norm_std": 0.08716541826598569,
        "impulse_mean": 0.5195668829450919,
        "impulse_std": 0.17629653132425505,
        "ohlcv.open_mean": 353.849,
        "ohlcv.open_std": 36.5630815030681,
        "ohlcv.high_mean": 365.03099999999995,
        "ohlcv.high_std": 36.097482723868715,
        "ohlcv.low_mean": 345.6075000000001,
        "ohlcv.low_std": 34.09260079181404,
        "ohlcv.close_mean": 356.7925,
        "ohlcv.close_std": 35.01688205351813,
        "ohlcv.volume_mean": 107160405.0,
        "ohlcv.volume_std": 42173693.94940968
    },
    "death\u2192maturity": {
        "entropy_norm_mean": 0.7266225321301156,
        "entropy_norm_std": 0.19097973331468096,
        "sei_norm_mean": 0.7450235605159917,
        "sei_norm_std": 0.07808179658590333,
        "impulse_mean": 0.5389310439594925,
        "impulse_std": 0.13911249267761194,
        "ohlcv.open_mean": 370.6275,
        "ohlcv.open_std": 22.701209191362473,
        "ohlcv.high_mean": 380.587,
        "ohlcv.high_std": 21.95475987115323,
        "ohlcv.low_mean": 360.08849999999995,
        "ohlcv.low_std": 22.363890152430997,
        "ohlcv.close_mean": 371.385,
        "ohlcv.close_std": 22.764015792473877,
        "ohlcv.volume_mean": 99595800.0,
        "ohlcv.volume_std": 31225403.633948434
    },
    "maturity\u2192rebirth": {
        "entropy_norm_mean": 0.5433117592897032,
        "entropy_norm_std": 0.20452764792481057,
        "sei_norm_mean": 0.7370200827180461,
        "sei_norm_std": 0.15609256599835716,
        "impulse_mean": 0.5218488257333781,
        "impulse_std": 0.21161348946584352,
        "ohlcv.open_mean": 345.682125,
        "ohlcv.open_std": 66.28852077648418,
        "ohlcv.high_mean": 355.748,
        "ohlcv.high_std": 66.06704025836181,
        "ohlcv.low_mean": 334.90599999999995,
        "ohlcv.low_std": 64.73099251131563,
        "ohlcv.close_mean": 345.630625,
        "ohlcv.close_std": 65.56192294967693,
        "ohlcv.volume_mean": 112084569.8125,
        "ohlcv.volume_std": 42627887.106078625
    },
    "rebirth\u2192growth": {
        "entropy_norm_mean": 0.4928547128868953,
        "entropy_norm_std": 0.16246275585251937,
        "sei_norm_mean": 0.7813428952476588,
        "sei_norm_std": 0.1084816982519774,
        "impulse_mean": 0.4836554014470104,
        "impulse_std": 0.171842862272301,
        "ohlcv.open_mean": 342.84875,
        "ohlcv.open_std": 53.739940245632646,
        "ohlcv.high_mean": 351.3650833333333,
        "ohlcv.high_std": 54.17043909421191,
        "ohlcv.low_mean": 331.86591666666664,
        "ohlcv.low_std": 53.40424654612892,
        "ohlcv.close_mean": 341.29575,
        "ohlcv.close_std": 54.14113649623701,
        "ohlcv.volume_mean": 83480260.26666667,
        "ohlcv.volume_std": 24347164.97550326
    },
    "growth\u2192rebirth": {
        "entropy_norm_mean": 0.4607906506350767,
        "entropy_norm_std": 0.1346819748275849,
        "sei_norm_mean": 0.7960106872026084,
        "sei_norm_std": 0.10628555092188738,
        "impulse_mean": 0.47768381455365566,
        "impulse_std": 0.18283443077089756,
        "ohlcv.open_mean": 350.70324999999997,
        "ohlcv.open_std": 56.01703342380928,
        "ohlcv.high_mean": 359.49625000000003,
        "ohlcv.high_std": 57.157887441461945,
        "ohlcv.low_mean": 339.68274999999994,
        "ohlcv.low_std": 55.61027136783426,
        "ohlcv.close_mean": 349.3205,
        "ohlcv.close_std": 57.15703222774371,
        "ohlcv.volume_mean": 83308382.94166666,
        "ohlcv.volume_std": 23391446.459579475
    },
    "rebirth\u2192maturity": {
        "entropy_norm_mean": 0.4424117956969337,
        "entropy_norm_std": 0.16748962880566273,
        "sei_norm_mean": 0.7884288014504485,
        "sei_norm_std": 0.1837287660695733,
        "impulse_mean": 0.5034574021457421,
        "impulse_std": 0.2185933160346812,
        "ohlcv.open_mean": 353.60175,
        "ohlcv.open_std": 71.27684171199998,
        "ohlcv.high_mean": 363.60075,
        "ohlcv.high_std": 70.77747478497307,
        "ohlcv.low_mean": 342.696,
        "ohlcv.low_std": 69.5469197484691,
        "ohlcv.close_mean": 353.352875,
        "ohlcv.close_std": 69.88283190801855,
        "ohlcv.volume_mean": 108319034.6,
        "ohlcv.volume_std": 43411232.84309373
    }
}