{
    "maturity\u2192growth": {
        "entropy_norm_mean": 0.44248378647643377,
        "entropy_norm_std": 0.1534810835234441,
        "sei_norm_mean": 0.661528005966485,
        "sei_norm_std": 0.17311511920064146,
        "impulse_mean": 0.37871351118112967,
        "impulse_std": 0.15844293399147324,
        "ohlcv.open_mean": 141.19962851785712,
        "ohlcv.open_std": 9.06834950004103,
        "ohlcv.high_mean": 141.98609469642858,
        "ohlcv.high_std": 9.059614631600247,
        "ohlcv.low_mean": 140.35613567857143,
        "ohlcv.low_std": 8.966767821371187,
        "ohlcv.close_mean": 141.2401552857143,
        "ohlcv.close_std": 8.996847438640536,
        "ohlcv.volume_mean": 441608.9428571428,
        "ohlcv.volume_std": 218814.19200484335
    },
    "growth\u2192maturity": {
        "entropy_norm_mean": 0.4223856820073624,
        "entropy_norm_std": 0.13203943184677533,
        "sei_norm_mean": 0.6530011454349756,
        "sei_norm_std": 0.1578867249906548,
        "impulse_mean": 0.37604953171342703,
        "impulse_std": 0.15890377047588286,
        "ohlcv.open_mean": 140.79979159999996,
        "ohlcv.open_std": 8.660202256783812,
        "ohlcv.high_mean": 141.59509335,
        "ohlcv.high_std": 8.636160904156831,
        "ohlcv.low_mean": 140.00235999999998,
        "ohlcv.low_std": 8.598479169556693,
        "ohlcv.close_mean": 140.87799828333334,
        "ohlcv.close_std": 8.635954594442019,
        "ohlcv.volume_mean": 451979.11666666664,
        "ohlcv.volume_std": 229161.74878659332
    },
    "maturity\u2192rebirth": {
        "entropy_norm_mean": 0.35323490568426746,
        "entropy_norm_std": 0.12277620537433764,
        "sei_norm_mean": 0.6679120788604066,
        "sei_norm_std": 0.13567362023075621,
        "impulse_mean": 0.4321076277296633,
        "impulse_std": 0.2034948075182994,
        "ohlcv.open_mean": 140.94217500000002,
        "ohlcv.open_std": 8.353851692645035,
        "ohlcv.high_mean": 141.70472920833333,
        "ohlcv.high_std": 8.360696118979705,
        "ohlcv.low_mean": 139.9849292083333,
        "ohlcv.low_std": 8.337210948587003,
        "ohlcv.close_mean": 140.88130416666664,
        "ohlcv.close_std": 8.39574059042139,
        "ohlcv.volume_mean": 461822.6541666667,
        "ohlcv.volume_std": 267721.4041728072
    },
    "rebirth\u2192growth": {
        "entropy_norm_mean": 0.4159163552528805,
        "entropy_norm_std": 0.16215650088442066,
        "sei_norm_mean": 0.666880023969267,
        "sei_norm_std": 0.1129321227426857,
        "impulse_mean": 0.4272758089352896,
        "impulse_std": 0.16667887658569186,
        "ohlcv.open_mean": 140.06102850000002,
        "ohlcv.open_std": 6.521818043627746,
        "ohlcv.high_mean": 140.8824215,
        "ohlcv.high_std": 6.51904668519616,
        "ohlcv.low_mean": 139.1042857142857,
        "ohlcv.low_std": 6.489994955188128,
        "ohlcv.close_mean": 139.98955714285714,
        "ohlcv.close_std": 6.5494837989301855,
        "ohlcv.volume_mean": 531556.5785714285,
        "ohlcv.volume_std": 303058.21997558884
    },
    "growth\u2192rebirth": {
        "entropy_norm_mean": 0.5142863994490754,
        "entropy_norm_std": 0.2406487374017084,
        "sei_norm_mean": 0.7346172339049857,
        "sei_norm_std": 0.1214617704000676,
        "impulse_mean": 0.41794694020591217,
        "impulse_std": 0.15519169124022145,
        "ohlcv.open_mean": 143.29469,
        "ohlcv.open_std": 6.526016585475398,
        "ohlcv.high_mean": 144.19905020000002,
        "ohlcv.high_std": 6.549634929542408,
        "ohlcv.low_mean": 142.20693,
        "ohlcv.low_std": 6.448518610122793,
        "ohlcv.close_mean": 143.1482799,
        "ohlcv.close_std": 6.432111341453672,
        "ohlcv.volume_mean": 506388.29,
        "ohlcv.volume_std": 221287.24593614947
    },
    "rebirth\u2192maturity": {
        "entropy_norm_mean": 0.3676332914143684,
        "entropy_norm_std": 0.15048346770753454,
        "sei_norm_mean": 0.6733962972147063,
        "sei_norm_std": 0.14143204240155488,
        "impulse_mean": 0.43081567091275885,
        "impulse_std": 0.21101836820839795,
        "ohlcv.open_mean": 141.3043722222222,
        "ohlcv.open_std": 8.736009223025349,
        "ohlcv.high_mean": 142.05825555555555,
        "ohlcv.high_std": 8.751900321975935,
        "ohlcv.low_mean": 140.26537777777776,
        "ohlcv.low_std": 8.736962586973396,
        "ohlcv.close_mean": 141.19601111111112,
        "ohlcv.close_std": 8.757323800358245,
        "ohlcv.volume_mean": 410817.7444444444,
        "ohlcv.volume_std": 148794.70241959117
    },
    "rebirth\u2192death": {
        "entropy_norm_mean": 0.7390919747988198,
        "entropy_norm_std": 0.19626182000081147,
        "sei_norm_mean": 0.8865279695282284,
        "sei_norm_std": 0.0561019021813063,
        "impulse_mean": 0.4558771406395108,
        "impulse_std": 0.20069797295785274,
        "ohlcv.open_mean": 149.44625,
        "ohlcv.open_std": 3.58592909683111,
        "ohlcv.high_mean": 150.617951,
        "ohlcv.high_std": 3.2262245773673275,
        "ohlcv.low_mean": 148.04415,
        "ohlcv.low_std": 3.5205584255200195,
        "ohlcv.close_mean": 148.9656995,
        "ohlcv.close_std": 3.397642574448456,
        "ohlcv.volume_mean": 668182.3,
        "ohlcv.volume_std": 306334.6074770365
    },
    "death\u2192decay": {
        "entropy_norm_mean": 0.7341835027203498,
        "entropy_norm_std": 0.216452322277047,
        "sei_norm_mean": 0.8235925429212647,
        "sei_norm_std": 0.049742365446420335,
        "impulse_mean": 0.5198651446335268,
        "impulse_std": 0.16811804762103064,
        "ohlcv.open_mean": 146.55050000000003,
        "ohlcv.open_std": 1.6340747381928404,
        "ohlcv.high_mean": 147.71230050000003,
        "ohlcv.high_std": 1.537484787471001,
        "ohlcv.low_mean": 145.2783,
        "ohlcv.low_std": 1.5724757899567157,
        "ohlcv.close_mean": 146.1791495,
        "ohlcv.close_std": 1.5644351359691293,
        "ohlcv.volume_mean": 713279.3,
        "ohlcv.volume_std": 268306.3550811087
    },
    "decay\u2192maturity": {
        "entropy_norm_mean": 0.7170207759095903,
        "entropy_norm_std": 0.23758368578602915,
        "sei_norm_mean": 0.8150000256164391,
        "sei_norm_std": 0.04753715079552468,
        "impulse_mean": 0.5166049269167858,
        "impulse_std": 0.16969970336706078,
        "ohlcv.open_mean": 146.24945000000002,
        "ohlcv.open_std": 1.5312577012051238,
        "ohlcv.high_mean": 147.41995049999997,
        "ohlcv.high_std": 1.4599707536641793,
        "ohlcv.low_mean": 145.03695,
        "ohlcv.low_std": 1.4215953177680323,
        "ohlcv.close_mean": 145.9414995,
        "ohlcv.close_std": 1.422631919895216,
        "ohlcv.volume_mean": 695374.3,
        "ohlcv.volume_std": 272646.4161416944
    }
}